-- MySQL dump 10.13  Distrib 8.0.41, for Win64 (x86_64)
--
-- Host: 127.0.0.1    Database: samcommerce
-- ------------------------------------------------------
-- Server version	8.0.41

/*!40101 SET @OLD_CHARACTER_SET_CLIENT=@@CHARACTER_SET_CLIENT */;
/*!40101 SET @OLD_CHARACTER_SET_RESULTS=@@CHARACTER_SET_RESULTS */;
/*!40101 SET @OLD_COLLATION_CONNECTION=@@COLLATION_CONNECTION */;
/*!50503 SET NAMES utf8 */;
/*!40103 SET @OLD_TIME_ZONE=@@TIME_ZONE */;
/*!40103 SET TIME_ZONE='+00:00' */;
/*!40014 SET @OLD_UNIQUE_CHECKS=@@UNIQUE_CHECKS, UNIQUE_CHECKS=0 */;
/*!40014 SET @OLD_FOREIGN_KEY_CHECKS=@@FOREIGN_KEY_CHECKS, FOREIGN_KEY_CHECKS=0 */;
/*!40101 SET @OLD_SQL_MODE=@@SQL_MODE, SQL_MODE='NO_AUTO_VALUE_ON_ZERO' */;
/*!40111 SET @OLD_SQL_NOTES=@@SQL_NOTES, SQL_NOTES=0 */;

--
-- Table structure for table `address`
--

DROP TABLE IF EXISTS `address`;
/*!40101 SET @saved_cs_client     = @@character_set_client */;
/*!50503 SET character_set_client = utf8mb4 */;
CREATE TABLE `address` (
  `address_id` int NOT NULL AUTO_INCREMENT,
  `country` varchar(255) NOT NULL,
  `buildingname` varchar(255) NOT NULL,
  `city` varchar(255) NOT NULL,
  `pincode` varchar(255) NOT NULL,
  `state` varchar(255) NOT NULL,
  `street` varchar(255) NOT NULL,
  PRIMARY KEY (`address_id`)
) ENGINE=InnoDB DEFAULT CHARSET=utf8mb4 COLLATE=utf8mb4_0900_ai_ci;
/*!40101 SET character_set_client = @saved_cs_client */;

--
-- Dumping data for table `address`
--

LOCK TABLES `address` WRITE;
/*!40000 ALTER TABLE `address` DISABLE KEYS */;
/*!40000 ALTER TABLE `address` ENABLE KEYS */;
UNLOCK TABLES;

--
-- Table structure for table `cart_items`
--

DROP TABLE IF EXISTS `cart_items`;
/*!40101 SET @saved_cs_client     = @@character_set_client */;
/*!50503 SET character_set_client = utf8mb4 */;
CREATE TABLE `cart_items` (
  `cart_item_id` bigint NOT NULL AUTO_INCREMENT,
  `discount` double NOT NULL,
  `product_price` double NOT NULL,
  `quantity` int DEFAULT NULL,
  `cart_id` bigint DEFAULT NULL,
  `product_id` int DEFAULT NULL,
  PRIMARY KEY (`cart_item_id`),
  KEY `FKpcttvuq4mxppo8sxggjtn5i2c` (`cart_id`),
  KEY `FKl7je3auqyq1raj52qmwrgih8x` (`product_id`),
  CONSTRAINT `FKl7je3auqyq1raj52qmwrgih8x` FOREIGN KEY (`product_id`) REFERENCES `product` (`productid`),
  CONSTRAINT `FKpcttvuq4mxppo8sxggjtn5i2c` FOREIGN KEY (`cart_id`) REFERENCES `carts` (`cart_id`)
) ENGINE=InnoDB AUTO_INCREMENT=5 DEFAULT CHARSET=utf8mb4 COLLATE=utf8mb4_0900_ai_ci;
/*!40101 SET character_set_client = @saved_cs_client */;

--
-- Dumping data for table `cart_items`
--

LOCK TABLES `cart_items` WRITE;
/*!40000 ALTER TABLE `cart_items` DISABLE KEYS */;
INSERT INTO `cart_items` VALUES (2,10,90,1,1,2),(3,0,100,1,1,3);
/*!40000 ALTER TABLE `cart_items` ENABLE KEYS */;
UNLOCK TABLES;

--
-- Table structure for table `carts`
--

DROP TABLE IF EXISTS `carts`;
/*!40101 SET @saved_cs_client     = @@character_set_client */;
/*!50503 SET character_set_client = utf8mb4 */;
CREATE TABLE `carts` (
  `cart_id` bigint NOT NULL AUTO_INCREMENT,
  `total_price` double DEFAULT NULL,
  `user_id` int DEFAULT NULL,
  PRIMARY KEY (`cart_id`),
  UNIQUE KEY `UK64t7ox312pqal3p7fg9o503c2` (`user_id`),
  CONSTRAINT `FKpay9408fi1tlnkqv3fhetr6hy` FOREIGN KEY (`user_id`) REFERENCES `user` (`user_id`)
) ENGINE=InnoDB AUTO_INCREMENT=2 DEFAULT CHARSET=utf8mb4 COLLATE=utf8mb4_0900_ai_ci;
/*!40101 SET character_set_client = @saved_cs_client */;

--
-- Dumping data for table `carts`
--

LOCK TABLES `carts` WRITE;
/*!40000 ALTER TABLE `carts` DISABLE KEYS */;
INSERT INTO `carts` VALUES (1,190,1);
/*!40000 ALTER TABLE `carts` ENABLE KEYS */;
UNLOCK TABLES;

--
-- Table structure for table `category`
--

DROP TABLE IF EXISTS `category`;
/*!40101 SET @saved_cs_client     = @@character_set_client */;
/*!50503 SET character_set_client = utf8mb4 */;
CREATE TABLE `category` (
  `categoryid` int NOT NULL AUTO_INCREMENT,
  `category_title` varchar(255) NOT NULL,
  PRIMARY KEY (`categoryid`)
) ENGINE=InnoDB AUTO_INCREMENT=22 DEFAULT CHARSET=utf8mb4 COLLATE=utf8mb4_0900_ai_ci;
/*!40101 SET character_set_client = @saved_cs_client */;

--
-- Dumping data for table `category`
--

LOCK TABLES `category` WRITE;
/*!40000 ALTER TABLE `category` DISABLE KEYS */;
INSERT INTO `category` VALUES (1,'Sambit Majumder'),(2,'Travel with Sambit'),(3,'Travel'),(5,'Bong Gamer'),(6,'Bong Traveller'),(7,'Kashi Diaries'),(8,'Anirban Halder'),(9,'Diarir Pata'),(10,'The KolkataBuzz'),(11,'The kolkatar golpo'),(12,'Raju Halder'),(13,'Sri Ramakrishna'),(14,'Joy Ma Sarada'),(15,'Swami Vivekananda'),(16,'Swami Brahmhananda'),(17,'Swami Saradananda'),(18,'Swami Premananda'),(19,'Swami Jogananda'),(20,'Girish Chandra Ghosh');
/*!40000 ALTER TABLE `category` ENABLE KEYS */;
UNLOCK TABLES;

--
-- Table structure for table `category_seq`
--

DROP TABLE IF EXISTS `category_seq`;
/*!40101 SET @saved_cs_client     = @@character_set_client */;
/*!50503 SET character_set_client = utf8mb4 */;
CREATE TABLE `category_seq` (
  `next_val` bigint DEFAULT NULL
) ENGINE=InnoDB DEFAULT CHARSET=utf8mb4 COLLATE=utf8mb4_0900_ai_ci;
/*!40101 SET character_set_client = @saved_cs_client */;

--
-- Dumping data for table `category_seq`
--

LOCK TABLES `category_seq` WRITE;
/*!40000 ALTER TABLE `category_seq` DISABLE KEYS */;
INSERT INTO `category_seq` VALUES (201);
/*!40000 ALTER TABLE `category_seq` ENABLE KEYS */;
UNLOCK TABLES;

--
-- Table structure for table `product`
--

DROP TABLE IF EXISTS `product`;
/*!40101 SET @saved_cs_client     = @@character_set_client */;
/*!50503 SET character_set_client = utf8mb4 */;
CREATE TABLE `product` (
  `productid` int NOT NULL AUTO_INCREMENT,
  `description` varchar(255) DEFAULT NULL,
  `discount` double DEFAULT NULL,
  `image` varchar(255) DEFAULT NULL,
  `price` double DEFAULT NULL,
  `product_name` varchar(255) DEFAULT NULL,
  `quantity` int DEFAULT NULL,
  `special_price` double DEFAULT NULL,
  `category_id` int DEFAULT NULL,
  `categoryid` int DEFAULT NULL,
  `selling_product_id` int DEFAULT NULL,
  PRIMARY KEY (`productid`),
  KEY `FK1mtsbur82frn64de7balymq9s` (`category_id`),
  KEY `FK4ort9abhumpx4t2mlngljr1vi` (`categoryid`),
  KEY `FKtrjmgd9ed4tmfei4h4idi53mp` (`selling_product_id`),
  CONSTRAINT `FK1mtsbur82frn64de7balymq9s` FOREIGN KEY (`category_id`) REFERENCES `category` (`categoryid`),
  CONSTRAINT `FK4ort9abhumpx4t2mlngljr1vi` FOREIGN KEY (`categoryid`) REFERENCES `category` (`categoryid`),
  CONSTRAINT `FKtrjmgd9ed4tmfei4h4idi53mp` FOREIGN KEY (`selling_product_id`) REFERENCES `user` (`user_id`)
) ENGINE=InnoDB AUTO_INCREMENT=8 DEFAULT CHARSET=utf8mb4 COLLATE=utf8mb4_0900_ai_ci;
/*!40101 SET character_set_client = @saved_cs_client */;

--
-- Dumping data for table `product`
--

LOCK TABLES `product` WRITE;
/*!40000 ALTER TABLE `product` DISABLE KEYS */;
INSERT INTO `product` VALUES (1,'Apple mobile - Updated from laptop',0,'default.png',1000,'Mobile',10,499,1,NULL,NULL),(2,'Acer gaming laptops',10,'default.png',100,'Laptop',10,90,2,NULL,NULL),(3,'Acer gaming laptops',0,'default.png',100,'Laptop',10,100,1,NULL,NULL),(4,'Acer gaming laptops - Highest Price',0,'default.png',1000,'Laptop',10,1000,1,NULL,NULL),(6,'BMW - Updated',0,'f3620bb7-10ea-4828-8112-2379c1a7e1ab.jpg',1000,'Car',10,499,3,NULL,NULL),(7,'Maruti Swift',0,'default.png',1000,'Car2',10,1000,3,NULL,NULL);
/*!40000 ALTER TABLE `product` ENABLE KEYS */;
UNLOCK TABLES;

--
-- Table structure for table `role`
--

DROP TABLE IF EXISTS `role`;
/*!40101 SET @saved_cs_client     = @@character_set_client */;
/*!50503 SET character_set_client = utf8mb4 */;
CREATE TABLE `role` (
  `role_id` int NOT NULL AUTO_INCREMENT,
  `role_name` enum('ROLE_ADMIN','ROLE_SELLER','ROLE_USER') DEFAULT NULL,
  PRIMARY KEY (`role_id`)
) ENGINE=InnoDB AUTO_INCREMENT=4 DEFAULT CHARSET=utf8mb4 COLLATE=utf8mb4_0900_ai_ci;
/*!40101 SET character_set_client = @saved_cs_client */;

--
-- Dumping data for table `role`
--

LOCK TABLES `role` WRITE;
/*!40000 ALTER TABLE `role` DISABLE KEYS */;
INSERT INTO `role` VALUES (1,'ROLE_USER'),(2,'ROLE_SELLER'),(3,'ROLE_ADMIN');
/*!40000 ALTER TABLE `role` ENABLE KEYS */;
UNLOCK TABLES;

--
-- Table structure for table `user`
--

DROP TABLE IF EXISTS `user`;
/*!40101 SET @saved_cs_client     = @@character_set_client */;
/*!50503 SET character_set_client = utf8mb4 */;
CREATE TABLE `user` (
  `user_id` int NOT NULL AUTO_INCREMENT,
  `email` varchar(255) NOT NULL,
  `password` varchar(255) NOT NULL,
  `username` varchar(20) NOT NULL,
  PRIMARY KEY (`user_id`),
  UNIQUE KEY `UKsb8bbouer5wak8vyiiy4pf2bx` (`username`),
  UNIQUE KEY `UKob8kqyqqgmefl0aco34akdtpe` (`email`)
) ENGINE=InnoDB AUTO_INCREMENT=5 DEFAULT CHARSET=utf8mb4 COLLATE=utf8mb4_0900_ai_ci;
/*!40101 SET character_set_client = @saved_cs_client */;

--
-- Dumping data for table `user`
--

LOCK TABLES `user` WRITE;
/*!40000 ALTER TABLE `user` DISABLE KEYS */;
INSERT INTO `user` VALUES (1,'user1@example.com','$2a$10$9n.kyKezVMr5BMnTwTHqFuCOV1cPqHnBkAOaCQ/8y0sC4K9Dauf06','user1'),(2,'seller1@example.com','$2a$10$CqhqlEN/vd0.nrz.7C6YquJKpanYhhdXzNbOILLTZj6QwkFfEggKu','seller1'),(3,'admin@example.com','$2a$10$ctEx3cv79EcZPaf9.8Gu6eE/HNlBH.MQSE.O154LCRTwzVPJHiW3y','admin'),(4,'usertestemail@gmail.com','$2a$10$Cl2a6y6ye7bDyxluuLve.eWsSx9t0Vsz6tFk36ln4ftjemU/UbtrG','sambit');
/*!40000 ALTER TABLE `user` ENABLE KEYS */;
UNLOCK TABLES;

--
-- Table structure for table `user_address`
--

DROP TABLE IF EXISTS `user_address`;
/*!40101 SET @saved_cs_client     = @@character_set_client */;
/*!50503 SET character_set_client = utf8mb4 */;
CREATE TABLE `user_address` (
  `user_id` int NOT NULL,
  `address_id` int NOT NULL,
  KEY `FKdaaxogn1ss81gkcsdn05wi6jp` (`address_id`),
  KEY `FKk2ox3w9jm7yd6v1m5f68xibry` (`user_id`),
  CONSTRAINT `FKdaaxogn1ss81gkcsdn05wi6jp` FOREIGN KEY (`address_id`) REFERENCES `address` (`address_id`),
  CONSTRAINT `FKk2ox3w9jm7yd6v1m5f68xibry` FOREIGN KEY (`user_id`) REFERENCES `user` (`user_id`)
) ENGINE=InnoDB DEFAULT CHARSET=utf8mb4 COLLATE=utf8mb4_0900_ai_ci;
/*!40101 SET character_set_client = @saved_cs_client */;

--
-- Dumping data for table `user_address`
--

LOCK TABLES `user_address` WRITE;
/*!40000 ALTER TABLE `user_address` DISABLE KEYS */;
/*!40000 ALTER TABLE `user_address` ENABLE KEYS */;
UNLOCK TABLES;

--
-- Table structure for table `user_role`
--

DROP TABLE IF EXISTS `user_role`;
/*!40101 SET @saved_cs_client     = @@character_set_client */;
/*!50503 SET character_set_client = utf8mb4 */;
CREATE TABLE `user_role` (
  `user_id` int NOT NULL,
  `role_id` int NOT NULL,
  PRIMARY KEY (`user_id`,`role_id`),
  KEY `FKa68196081fvovjhkek5m97n3y` (`role_id`),
  CONSTRAINT `FK859n2jvi8ivhui0rl0esws6o` FOREIGN KEY (`user_id`) REFERENCES `user` (`user_id`),
  CONSTRAINT `FKa68196081fvovjhkek5m97n3y` FOREIGN KEY (`role_id`) REFERENCES `role` (`role_id`)
) ENGINE=InnoDB DEFAULT CHARSET=utf8mb4 COLLATE=utf8mb4_0900_ai_ci;
/*!40101 SET character_set_client = @saved_cs_client */;

--
-- Dumping data for table `user_role`
--

LOCK TABLES `user_role` WRITE;
/*!40000 ALTER TABLE `user_role` DISABLE KEYS */;
INSERT INTO `user_role` VALUES (1,1),(3,1),(2,2),(3,2),(3,3),(4,3);
/*!40000 ALTER TABLE `user_role` ENABLE KEYS */;
UNLOCK TABLES;
/*!40103 SET TIME_ZONE=@OLD_TIME_ZONE */;

/*!40101 SET SQL_MODE=@OLD_SQL_MODE */;
/*!40014 SET FOREIGN_KEY_CHECKS=@OLD_FOREIGN_KEY_CHECKS */;
/*!40014 SET UNIQUE_CHECKS=@OLD_UNIQUE_CHECKS */;
/*!40101 SET CHARACTER_SET_CLIENT=@OLD_CHARACTER_SET_CLIENT */;
/*!40101 SET CHARACTER_SET_RESULTS=@OLD_CHARACTER_SET_RESULTS */;
/*!40101 SET COLLATION_CONNECTION=@OLD_COLLATION_CONNECTION */;
/*!40111 SET SQL_NOTES=@OLD_SQL_NOTES */;

-- Dump completed on 2025-12-02  1:10:57
